"Area","Rooms","StationDist","Age","Floor","Playgrounds","GuardPosts","SurveyMonth","Price"
131.7,5,1130,5,22,2,6,1,10.06
36.5,2,1050,34,11,4,1,2,1.74
83.5,4,220,32,21,2,6,9,7.07
80.8,3,1780,6,30,4,1,7,6.06
169.2,7,660,32,3,0,6,4,11.14
78,3,1850,14,18,5,2,8,5.2
154.5,6,1500,30,28,0,2,9,9.23
184.5,7,1580,16,22,4,1,10,12.2
191.6,7,740,32,27,1,1,9,13.69
47.1,2,1540,8,16,4,6,11,3.6
159.5,6,500,7,18,4,6,4,13.47
82.2,3,960,4,29,1,3,2,7.07
51.5,2,1090,2,30,0,3,1,5.49
192.4,7,1950,33,16,1,3,2,12.23
103.6,4,1450,16,1,2,2,7,6.17
110.1,5,1270,29,10,1,3,1,6.32
195.2,7,1050,18,18,0,2,2,13.45
131.4,5,350,3,20,0,6,10,11.31
193.8,8,1240,24,11,4,6,5,12.27
160.7,6,770,7,24,1,4,3,11.86
152.9,6,960,16,20,2,5,8,10.41
199.4,8,1680,21,13,0,5,6,12.37
118.5,4,990,21,20,5,3,12,7.27
115.8,4,610,10,11,5,1,7,8.72
142.1,5,1470,32,8,3,1,10,8.16
172.1,7,1500,18,7,0,2,3,11.31
114.5,4,1080,2,4,1,6,2,7.53
173.9,7,270,20,14,1,5,4,11.92
119.8,5,530,33,4,5,3,5,8.22
122.4,5,520,19,25,4,1,7,10.13
128.6,5,1390,22,1,2,3,5,8.11
74.4,3,1880,26,16,4,2,11,4.48
179.9,7,1740,27,22,0,2,8,10.27
143,6,1040,33,2,3,6,7,8.38
114.6,5,210,25,28,5,1,9,9.83
195.2,7,780,16,17,3,6,8,14.21
110.9,5,1380,30,4,4,2,6,6.3
137.6,6,700,31,13,0,3,7,10.02
99.1,4,550,25,21,3,1,1,7.07
36.1,2,710,7,7,0,1,6,3.62
189.8,7,230,32,14,3,6,2,12.77
75,3,1450,18,16,0,3,11,4.78
128.3,5,170,13,8,0,2,9,10.11
64.8,3,1220,9,5,5,1,7,4.18
184.2,7,860,34,9,5,1,12,11.06
48.9,2,1870,23,24,2,6,4,2.71
183.7,7,220,15,24,0,4,5,14.06
182.1,7,1130,16,30,4,5,2,13.02
154.4,6,1050,17,30,5,1,4,10.35
128.2,5,190,25,17,4,6,12,8.55
99.1,4,840,28,23,0,4,1,7.08
158.1,6,1560,22,30,1,3,1,10.07
182.7,7,1810,8,16,0,6,9,12.04
168.5,7,1670,16,5,3,4,1,10.61
170.1,6,1990,12,12,1,6,5,11.18
104.5,4,1190,5,11,1,2,3,7.21
64.2,3,1490,20,16,0,5,7,3.83
63.7,3,940,29,29,3,6,5,4.7
182.3,6,1900,7,3,2,3,8,12.03
157.7,6,470,33,12,0,5,10,9.84
127.6,5,1680,8,5,4,1,11,8.8
46.8,2,750,19,7,5,5,1,3.92
175.8,6,1020,12,20,2,2,5,12.63
185.8,7,1460,31,25,2,4,5,12.98
72.2,3,1910,20,18,4,6,1,3.94
138.7,6,550,28,19,2,4,6,9.37
46.4,2,1070,11,26,3,2,7,4.45
120,4,150,5,18,1,1,4,9.51
167.9,6,1620,6,7,4,6,2,11.09
195.3,7,550,9,20,2,6,3,13.03
91.6,4,1220,28,22,3,6,12,5.13
139.2,5,760,26,27,1,6,2,9.91
102.7,4,670,2,5,5,5,8,8.34
92,4,1920,31,13,3,5,3,4.75
171.1,7,250,19,1,3,3,3,12.15
148.8,6,1280,14,15,5,6,2,10.04
87.9,4,1740,31,16,4,5,8,5.96
107.8,4,220,26,4,5,2,12,7.78
78.2,3,1640,3,23,3,2,8,5.95
57,2,290,5,12,2,6,3,6.09
185.2,7,1150,25,14,0,3,6,12.14
152,5,330,14,26,5,5,6,11.07
129.4,5,1480,12,16,0,4,7,7.8
186.3,7,1320,15,17,0,1,5,13.31
183.8,7,200,14,16,2,5,8,14.46
44.7,2,540,13,10,2,2,5,4.55
42.5,2,1750,23,27,3,5,6,20.7
198.2,7,1610,8,23,4,4,9,14.34
69,3,1640,16,11,0,6,1,4.21
188.3,7,130,15,7,1,6,9,14.36
67.1,3,1520,23,1,0,2,6,4.15
55.9,2,820,21,26,0,4,9,4.34
124,4,790,2,29,5,1,11,9.32
79.9,3,1520,9,23,5,3,4,4.99
93.3,4,170,26,13,2,1,2,6.82
48.9,2,580,4,9,0,1,8,5.59
161.3,6,720,11,22,5,4,3,11.84
108.3,4,1080,6,14,1,4,6,8.36
41,2,760,6,22,1,3,8,4.46
150.7,6,1860,3,27,3,2,7,10.91
76.8,3,960,24,6,3,2,11,5.06
138.9,5,260,24,29,3,5,9,10.67
79,3,1040,4,2,1,6,7,5.33
122.9,5,400,12,12,3,6,2,10.34
112.3,5,1110,26,11,3,2,3,7.34
129.8,5,400,16,8,3,1,3,9.63
145.3,5,360,9,9,5,6,2,10.6
70,3,310,31,26,1,4,6,5.41
196,7,360,14,23,1,1,3,14.1
168.5,6,450,2,3,1,6,7,11.74
80.4,3,640,12,24,1,2,1,6.74
100.9,4,1320,9,23,0,6,7,7.58
82.9,3,1480,6,28,2,2,5,6.11
116.3,4,790,7,11,1,6,5,8.87
159.9,6,1290,12,23,3,5,1,11.62
119.3,5,370,35,26,3,2,3,8.63
107.3,4,1520,19,7,4,2,12,7.15
165.5,6,1420,13,4,4,5,10,10.61
185.4,7,1000,7,4,3,6,6,13.54
46.7,2,1750,13,6,2,2,10,3.43
58.5,2,660,7,6,0,1,2,4.87
99.9,4,480,34,15,0,3,7,6.69
176.3,7,1660,14,27,2,6,12,12.63
78.6,3,1020,26,26,0,5,11,5.9
50.6,2,1830,34,21,5,3,8,1.64
154.5,6,1060,15,21,1,3,12,10.41
196.8,8,890,30,10,1,5,9,13.8
68.1,3,980,30,4,5,1,7,2.87
126.1,5,320,4,17,2,4,2,10.38
92,4,1320,14,21,1,6,2,6.66
102.4,4,1740,22,14,4,2,6,5.38
66,3,1960,29,13,4,4,4,2.36
92,4,490,20,26,0,6,10,6.99
65.3,3,1310,26,11,1,3,5,4.2
169.2,7,450,16,10,4,2,3,12.28
180.5,7,1990,27,28,4,5,10,11.47
150.6,5,810,19,10,4,6,10,9.51
80.6,3,900,5,11,4,4,8,6.67
106.3,4,900,17,15,4,3,7,7.51
37.1,1,1030,7,3,3,1,1,3.17
127.9,6,810,33,30,1,1,5,8.93
145.7,6,1170,17,11,0,2,12,10.35
86.7,3,410,4,24,0,3,3,7.16
191.3,8,420,32,19,3,5,2,14.33
62.9,3,170,2,3,2,5,11,7.09
107.7,4,1000,6,12,4,1,3,8.13
129.3,5,1040,6,29,4,2,11,10.23
195.8,7,660,19,5,3,2,12,13.85
161.2,6,1690,22,18,1,3,11,9.35
108.1,4,150,14,13,0,5,9,8.93
93.7,4,1010,20,12,4,6,1,6.66
41,1,1180,4,30,2,4,4,4.62
133,5,1740,17,23,3,5,8,7.72
193.7,7,570,11,16,3,6,6,13.44
76.7,3,150,29,29,4,5,12,5.98
174.8,6,270,4,9,1,4,6,13.76
70.1,3,1910,25,2,4,6,11,3.67
80.9,3,850,4,25,3,2,9,7.2
114.1,4,200,10,13,4,4,3,9.06
163.7,7,1780,26,2,2,4,4,10.98
183.7,7,170,4,4,3,5,6,13.83
190.7,7,1100,5,30,1,2,12,13.34
103.5,4,560,9,3,5,1,9,8.37
90.1,4,750,25,15,1,3,12,6.68
81.7,3,1990,14,19,2,6,10,4.65
46.9,2,950,5,13,4,6,1,4.99
46.7,2,420,4,2,4,2,2,3.84
61.2,2,1010,5,20,5,1,10,5.5
59.9,3,950,15,1,4,1,6,4.66
159.1,6,1180,23,15,3,5,11,10.54
50.8,2,1880,13,23,3,6,11,3.14
135.9,5,110,15,13,0,4,12,10.13
68.2,3,680,11,15,5,3,8,6.07
118,5,140,23,8,2,2,3,8.81
56.3,2,1910,18,11,2,4,1,2.49
35.5,1,950,3,6,5,1,4,2.9
141.2,5,1900,15,4,3,5,8,8.56
74.8,3,1650,23,12,0,5,4,3.71
104.3,4,1050,18,26,0,5,11,7.29
153,6,520,30,18,4,4,7,9.98
51.6,2,580,5,12,3,5,12,4.67
135.1,5,1340,23,16,2,3,9,8.72
70.1,3,380,24,4,1,5,3,5.29
182.6,7,1990,26,24,4,5,8,11.62
127.9,5,840,14,13,5,3,6,9.7
75.9,3,320,13,17,1,6,4,7
155.6,6,1180,16,22,4,6,4,11.32
78.9,3,1720,23,26,0,3,2,5.01
159.5,6,200,18,19,5,4,10,11.69
193.1,7,360,23,7,5,1,12,13.27
114.4,5,1350,13,7,4,2,2,7.52
185.1,7,710,15,29,2,2,11,14.47
198.4,7,170,19,28,5,1,1,14.78
73.3,3,1680,4,4,3,2,10,3.93
81.5,3,1180,16,24,4,6,10,6.37
151.1,6,410,27,19,3,3,1,10.87
172.5,6,300,10,23,0,5,2,12.19
111.8,4,1690,23,7,4,4,4,6.44
99.5,4,540,11,29,3,1,9,8.84
50.5,2,910,24,2,2,6,1,2.6
159.3,6,830,24,26,0,3,4,5.24
165.8,6,1250,25,23,4,1,2,10.73
109.9,4,200,4,30,3,3,7,10.13
94.5,3,660,1,25,5,5,9,8.45
94.5,4,1440,16,30,2,5,4,7.77
45.1,2,110,3,26,0,4,1,5.9
110.6,4,970,15,6,4,5,6,7.28
115.4,5,620,13,16,1,4,3,10.94
120.5,5,290,23,24,1,5,12,9.92
41.1,2,210,5,4,2,1,2,3.65
42,2,1420,4,20,2,6,2,4.1
183.7,7,1220,19,4,1,4,11,12.31
190.1,7,640,4,5,0,4,4,13.96
138.7,5,990,20,9,3,3,5,8.74
163.9,6,1000,5,19,0,3,9,13.06
158.6,6,200,27,13,3,4,4,11.3
57.4,2,1710,17,11,0,5,5,3.1
64.1,3,580,33,2,0,3,5,3.47
41.9,2,1020,5,13,5,2,10,2.36
144.6,5,560,22,21,1,4,5,10.73
144.8,5,1760,10,30,0,5,1,8.59
141.7,5,1120,26,21,4,6,1,9.39
162.3,6,420,6,2,0,3,11,11.6
82.8,3,1250,7,27,5,5,9,5.84
168.1,7,1080,30,20,5,2,9,11.74
125.3,5,1560,32,1,4,4,9,7.85
137.3,6,120,17,11,4,4,11,10.92
112.9,4,1230,3,9,1,5,9,8.28
110,4,1410,23,25,4,4,8,7.17
195,7,750,19,30,3,1,8,13.89
144.6,6,630,24,12,1,2,5,10.37
173.9,7,430,24,28,5,3,8,12.13
70.1,3,720,9,9,1,1,5,6.47
65.2,3,760,12,19,3,1,11,5.98
80,4,110,35,2,1,3,8,5.91
130.8,5,150,5,17,5,2,11,11.01
192.9,7,1980,7,21,4,2,11,12.9
76.5,3,1190,8,26,3,1,11,6.77
74.1,3,1250,26,23,0,5,9,4.64
79.9,3,1630,18,5,0,3,7,4.23
108.8,4,1500,10,8,2,1,9,7
94.8,4,140,7,25,0,2,2,9.19
61.2,2,360,2,3,0,1,6,5.72
137.2,5,370,7,29,2,3,10,10.89
195,7,1750,29,8,3,2,12,12.18
43.8,2,900,22,25,3,2,2,4.15
95.7,3,1330,5,26,4,4,5,7.3
153.1,6,650,3,4,4,1,11,11.64
172.7,6,690,5,15,0,1,11,12.18
79.6,3,830,16,11,4,1,4,6.77
173.3,6,1120,7,15,1,4,12,12.09
50.9,2,160,1,11,3,1,4,5.48
63.6,2,1550,1,13,3,2,4,4.69
97.4,4,1350,22,24,2,5,3,6.33
140,5,1910,32,30,3,2,8,8.11
135.2,6,1130,16,3,4,4,9,10.02
80.6,4,450,30,17,4,2,9,5.22
199.8,8,1990,34,12,5,3,11,11.07
36.4,1,1180,17,22,3,3,1,2.83
180.3,7,250,35,11,0,4,3,12.85
176.8,7,200,29,4,5,2,3,13.28
53.2,3,950,27,5,2,3,1,4.14
158.4,5,230,5,21,4,2,8,11.8
54.6,2,990,26,18,4,3,9,3.87
62.6,3,290,29,9,3,1,9,4.42
35.8,2,670,19,13,3,2,5,3.75
39,2,1740,17,23,3,5,6,3.42
126.6,5,1140,30,19,3,4,10,8.53
81.1,3,1640,32,27,4,3,4,4.83
186.8,7,1410,11,20,4,6,10,11.4
172.6,6,840,14,16,2,3,10,12.34
190.7,7,960,19,14,0,5,9,12.97
152.1,5,1800,4,7,3,5,5,8.39
130.4,5,990,12,14,0,5,11,9.65
112.1,4,390,3,15,2,1,5,10
179.4,6,1720,13,5,0,1,4,10.19
42.7,2,590,16,20,0,2,9,5.06
186.7,7,1610,14,8,4,5,9,13.59
181.4,7,1710,2,19,1,6,2,12.79
135.5,5,690,14,12,5,1,9,9.55
173.8,6,1650,11,15,2,6,10,11.42
103.4,4,380,6,27,5,1,5,9.93
161.1,6,390,10,6,4,2,4,12.53
36.6,2,1440,25,23,2,5,11,2
67.9,3,1020,28,9,4,3,12,5.02
51.9,3,1030,35,24,0,3,3,2.77
155.9,6,1870,31,1,4,2,3,7.87
52.4,3,620,32,14,5,5,2,4.22
73.8,3,210,32,27,2,5,12,4.62
107.3,4,440,24,15,0,2,2,6.71
88.9,4,1360,30,2,5,5,12,4.6
37,2,250,14,10,1,4,10,5.25
54.1,2,320,7,18,4,1,8,4.83
110,4,230,5,12,1,1,5,8.11
142.6,6,1190,32,7,1,4,4,9.43
198.1,7,950,18,5,2,5,1,14.02
85,3,1190,8,20,3,4,11,6.61
83.3,4,790,35,21,4,6,7,6.09
170.1,7,780,28,14,1,3,11,10.79
64.1,2,1280,17,11,1,6,1,3.64
168.6,6,1580,28,22,2,5,4,9.94
123.7,5,1660,19,9,5,4,2,7.43
69.2,3,1030,18,10,3,3,8,4.58
68,3,730,24,19,5,4,5,5.72
189.8,7,1870,20,16,5,3,6,11.94
195.7,8,520,22,16,3,6,9,14.15
186,7,1330,34,25,5,6,4,11.77
198,8,230,22,30,0,4,3,14.96
86.9,4,840,34,29,0,5,7,6.62
176.5,7,1510,12,8,0,3,1,10.81
152,6,1390,2,24,2,4,12,11.69
153.6,7,1400,35,22,4,5,12,10.54
67.3,3,1900,7,27,5,2,5,5.17
175,7,1480,27,1,4,3,9,9.94
74.6,3,510,16,2,0,1,9,5.38
158.6,6,790,4,27,5,3,9,11.7
38,2,1470,12,28,0,6,3,3.38
99.4,4,130,18,7,1,1,1,7.63
177.6,7,1720,17,14,4,4,6,11.48
93.1,3,1450,4,7,1,1,8,6.21
139.6,6,1150,13,4,5,5,11,10.87
64.3,2,1050,14,10,2,4,3,5.8
148.6,6,1130,13,4,1,2,5,8.98
90.1,4,190,19,24,4,2,6,8.16
64,2,240,3,29,1,3,2,6.76
180.9,6,1410,3,1,2,4,12,12.04
47.6,2,1980,5,30,2,3,12,3.8
48.8,2,1810,15,24,1,3,1,3.01
172.8,7,1060,19,4,4,3,8,11.33
149.5,6,1080,31,26,5,4,12,8.97
45.1,2,420,1,2,2,2,3,3.61
123,5,1080,29,15,3,1,11,8.6
118.7,5,1090,24,12,2,6,4,8.68
120.9,5,1900,23,4,1,3,3,6.03
71.2,4,540,32,23,3,6,12,5.6
72.8,3,740,28,20,4,3,1,4.52
102.5,4,1850,26,25,2,5,8,6.24
188.7,7,810,23,30,5,1,8,11.35
99.7,4,290,31,11,4,6,5,6.61
72.6,3,1270,30,11,4,3,5,4.96
194,7,690,14,18,5,2,10,13.47
37.8,2,260,16,3,3,5,9,4.79
87.2,3,700,19,28,4,1,10,7.2
56.9,2,390,17,4,5,6,3,5.01
80.5,3,1230,11,26,4,4,6,6
75.2,3,1070,5,20,2,3,5,5.8
37,2,1430,2,14,3,3,7,4.04
119.8,4,730,5,25,0,5,9,9.53
192.4,7,1680,1,11,5,2,11,14.18
40.7,2,650,23,24,1,6,8,3.52
122.3,5,280,32,25,0,1,1,8.91
41.5,2,590,31,18,1,5,4,3.07
89.4,4,560,34,24,3,2,10,7.43
124.6,5,1230,27,29,3,4,5,7.87
156.2,6,2000,33,11,4,3,4,8.28
138.4,5,310,34,15,0,5,6,9.14
70,3,1820,7,26,2,6,12,4.58
113.1,4,1300,27,15,2,5,6,5.51
56.4,2,1060,13,6,2,4,7,3.98
91.5,4,1960,14,5,3,1,6,4.75
60.2,2,1050,23,5,1,6,12,3.28
85,4,1780,21,23,3,5,10,5.47
122.2,5,790,29,5,1,6,2,8.16
103.6,4,1640,14,3,1,5,7,6.75
142,6,800,15,5,3,4,2,11.31
97,4,790,1,3,0,5,8,6.89
43.6,2,1460,13,2,3,6,11,2.45
43.8,2,1640,14,9,2,6,7,3.05
195.3,7,1790,32,10,1,6,3,11.58
86.2,3,790,14,28,2,3,1,5.54
74.1,3,680,6,25,1,6,5,7.39
61.9,2,1520,1,27,2,6,1,5.13
142,6,1780,26,27,4,2,12,8.8
113.4,5,430,21,14,0,4,9,9.5
145.6,5,140,9,29,4,4,6,11.26
92.3,4,630,19,14,4,2,5,6.41
134.3,5,1280,4,3,4,2,12,9.47
158.5,6,1970,15,23,4,5,1,10.53
105.8,4,650,11,9,5,4,3,8.05
70.2,3,1820,21,7,3,6,9,4.15
75.4,4,1980,23,4,4,6,10,4.23
188.6,7,690,2,17,1,4,1,13.26
117.5,4,1840,17,28,1,4,9,7.79
198.2,8,790,21,21,4,6,10,14.1
152.8,6,600,33,10,2,1,2,9.26
152.2,6,1540,16,7,5,1,11,9.12
53.7,2,1910,20,2,5,3,11,1.96
151.5,6,480,28,10,5,6,4,10.53
95.2,4,390,18,30,1,1,9,7.92
70.5,3,410,22,12,2,2,3,4.97
77.5,3,660,9,11,0,5,1,6.71
53.1,2,1700,26,20,0,1,4,2.66
65.8,3,1620,22,29,3,6,8,3.18
190.1,8,250,34,14,2,6,1,13.29
188.5,8,440,33,10,1,2,9,13.23
82,3,1040,17,6,4,2,4,6.49
54.1,2,1340,18,12,3,6,4,3.07
112.9,4,300,26,15,3,4,10,7.97
193.4,7,630,11,28,4,5,9,14.42
143.9,5,280,30,15,1,6,2,10.04
181.5,7,10400,27,12,0,4,9,11.91
81.1,3,1750,2,27,3,6,8,6.66
45,2,410,19,16,2,2,12,4.21
164.5,6,1950,18,7,4,6,8,9.61
97.9,3,1630,11,23,1,6,8,6.7
111,4,1380,35,17,5,2,12,4.94
175.4,7,250,21,25,2,2,6,13.46
181,7,1040,10,11,2,2,7,13.42
71.5,3,1310,19,2,4,5,8,5.39
39.2,2,500,28,5,3,4,8,2.16
189.5,7,1890,9,23,4,5,3,12.1
140.4,6,720,27,26,2,5,4,10.06
36.3,2,1990,25,16,0,1,9,1.53
35,2,1180,18,19,0,5,8,1.2
152.3,5,1410,7,29,4,4,3,10.12
55.6,2,1030,19,29,3,4,9,5.07
177.8,7,1660,6,21,1,4,11,12.24
131.1,5,1990,10,1,0,1,1,8.84
128.4,5,480,12,4,0,5,8,9.96
163.2,6,1860,22,11,5,5,2,10.8
102.8,4,600,4,5,3,6,3,8.32
123.2,4,1340,1,14,0,2,7,9.06
102.6,4,980,20,23,5,4,10,8.57
77.1,3,160,21,5,5,4,5,6.5
101,4,880,1,29,5,4,4,9.63
180.8,7,550,35,2,0,2,9,11.36
196.8,7,590,6,30,5,3,5,15.18
87,4,1130,23,27,0,5,5,6.34
190.6,8,1940,34,28,4,1,5,12.13
196.4,7,1140,13,17,2,2,5,13.31
59.5,3,1070,14,11,4,4,11,3.98
100.7,4,1900,32,16,0,4,7,4.69
116.9,4,1380,31,5,3,4,3,6.27
175.5,6,990,5,14,2,6,12,11.76
50,2,260,16,26,0,3,11,3.87
177.9,6,1020,12,12,5,1,6,11.97
127.1,5,1500,33,3,3,6,6,6.5
54.5,2,1780,19,17,4,5,4,2.63
70.5,3,1640,24,24,0,3,8,3.71
110.4,4,1290,25,6,3,6,8,7
98.7,4,1730,24,13,5,2,9,6.18
187.3,7,640,25,11,1,1,7,12.21
158.3,6,1310,6,23,3,4,7,12.37
135.2,5,1150,6,6,1,5,8,9.3
108.5,4,940,3,19,4,1,8,8.9
178.5,7,1680,23,6,3,2,3,11
132.1,5,1250,24,4,2,6,1,8.1
117.6,5,1850,23,8,0,4,12,6.95
178.2,7,880,29,30,0,3,12,11.12
53.2,2,1000,28,12,0,6,7,2.87
47.4,3,1900,32,20,0,3,9,1.99
187.6,7,1180,21,24,2,2,3,12.41
156.6,6,970,7,17,1,5,4,11.53
60,2,1370,15,5,2,2,12,3.69
86,3,720,13,8,0,2,11,4.63
97.7,4,1820,13,10,5,6,4,6.18
178.5,7,490,17,2,4,2,10,12.05
53.7,2,630,26,8,5,3,3,4.07
110.9,4,1360,4,12,1,4,5,8.37
116.1,5,1120,28,21,5,2,5,7.18
57,3,1230,18,24,3,5,7,5.27
98.4,4,1560,13,26,0,1,7,7.84
157.9,6,1510,26,5,5,5,7,9.42
183.6,7,1900,34,27,1,6,4,10.57
114.7,4,1000,3,9,3,4,1,7.84
121.9,5,920,18,12,3,2,9,7.75
156.3,6,1440,8,22,4,3,11,11.48
169.1,7,1610,34,9,2,3,1,10.39
63.8,2,1750,7,26,5,1,11,4.51
149.8,6,630,11,17,4,3,2,12.02
94.5,4,640,34,21,0,2,5,6.48
65.2,3,1730,21,12,1,1,12,4.47
114.5,5,1780,31,30,5,2,3,7.33
172.9,6,290,20,12,1,2,11,11.86
95,3,1780,4,9,2,3,8,6.25
101.2,4,470,32,21,1,2,2,7.61
94.4,4,670,35,26,5,3,6,7.36
40,2,810,22,25,5,5,8,2.37
142.9,6,1140,33,24,2,2,8,9.56
73.8,3,1170,30,1,0,6,7,3.4
61.8,2,160,3,27,4,2,11,6.62
90.9,3,650,13,1,0,2,11,6.43
116,5,1670,35,5,0,1,12,6.28
186.1,8,1490,33,13,0,6,6,10.49
66.1,3,1740,24,24,1,3,11,3.98
140.9,6,1510,35,13,0,5,9,7.47
148.2,5,1260,16,16,3,5,11,9.93
120.1,5,1110,29,29,2,6,9,8.03
68.5,3,1540,26,1,0,3,6,2.81
35.1,1,1640,4,7,1,5,2,1.99
180.1,7,730,13,6,5,6,9,12.61
118.8,5,220,12,3,5,3,12,9.46
121.5,4,1130,9,29,0,2,5,7.83
147.1,6,1340,20,3,5,3,2,8.42
127.8,5,1000,11,9,0,2,6,9.04
115,5,1110,28,18,4,3,10,8.34
147.3,5,930,14,9,4,1,11,11.42
175.1,7,1390,11,18,4,3,7,12.68
151.7,6,1450,28,22,5,6,7,10.28
49.5,2,1740,12,16,4,6,8,3.32
142.9,5,1240,12,19,5,3,8,10.54
112.5,5,1410,25,24,4,6,9,7.8
64.4,3,1960,35,28,4,4,5,2.32
60.1,3,1880,31,9,1,1,9,3.27
76.1,3,250,21,22,2,3,8,5.95
170.8,7,1170,27,6,0,2,6,11.98
39.3,2,1500,17,9,5,6,8,2.94
53.3,2,540,11,9,5,1,5,3.94
125.4,5,720,26,13,0,3,8,8.21
38.8,2,390,17,27,4,6,12,3.83
183,7,1120,30,14,5,4,11,10.63
187.6,8,760,32,5,4,5,5,11.68
57.5,2,650,21,12,3,1,3,3.97
175.3,7,110,27,11,1,1,6,12.51
145.4,6,590,29,24,3,3,11,10.65
64.3,3,1200,27,24,4,5,1,3.63
155.6,6,1080,15,27,0,1,11,12.45
81.6,4,1470,21,3,3,5,2,4.72
118.7,4,310,5,24,2,4,2,10.02
90.3,4,110,34,16,5,2,8,6.34
52.8,2,730,17,12,5,6,11,3.96
94.4,4,1780,27,9,1,1,10,4.19
85.7,4,1710,30,7,0,5,10,4.38
37.2,2,300,33,30,1,4,5,2.94
184.5,7,1030,14,18,0,4,2,13.2
115.1,5,1810,32,28,2,6,6,6.51
164.8,6,1520,15,21,5,1,7,10.72
164,6,240,6,16,5,6,10,13.13
148.2,6,1980,25,16,3,5,9,8.2
93.4,3,880,16,29,3,3,11,7.84
198.5,7,380,3,30,4,3,6,15.9
57,2,690,13,2,3,3,2,3.59
99.2,4,800,21,7,2,2,7,7.29
105.8,5,1560,31,9,3,6,2,6.9
130.5,5,1750,5,20,3,3,6,8.73
133,5,1610,28,21,2,2,9,8.6
165.5,6,470,28,18,2,5,11,12.23
66.4,3,1880,17,11,5,4,1,2.97
109.5,5,660,33,27,0,1,2,8.97
85.4,3,490,16,14,1,1,10,6.16
174.1,6,230,11,6,3,6,10,12.8
57.5,2,730,4,2,5,5,1,3.75
150.1,6,880,7,28,5,1,1,11.32
196.2,7,1130,19,24,4,3,1,13.36
102.5,4,120,30,3,2,2,3,7.34
61.1,2,950,22,9,1,2,12,3.75
106.5,5,690,30,4,1,4,8,7.02
134.9,5,780,22,6,0,4,12,8.74
36.1,2,330,26,11,4,6,10,2.98
101.7,4,1540,22,4,2,5,10,5.87
80.2,3,820,21,2,4,4,4,5.89
178.6,7,1030,15,19,4,4,10,13.32
119.6,5,1730,28,19,0,3,2,6.6
103.7,4,1800,31,8,5,3,9,4.35
181.8,7,1420,28,24,2,2,5,11.33
65.3,2,2000,2,28,3,3,12,3.71
75,3,1930,25,25,2,2,8,4.15
45,2,1460,6,27,3,5,5,4.92
45.9,2,480,10,16,1,5,2,4.91
68,2,200,16,13,2,3,2,6.11
102.8,4,990,9,20,1,4,8,8.32
165.1,6,790,1,30,1,3,3,13.41
116.9,5,460,27,30,2,4,12,8.26
80.8,3,1170,5,5,2,6,6,5.58
46.5,2,1570,4,25,5,5,1,3.52
64.2,3,1670,21,13,5,1,9,3.8
40.3,2,1230,11,8,3,2,2,2.18
181.9,7,350,28,3,3,6,3,11.51
67.8,3,600,24,4,3,3,8,4.29
132.5,5,290,14,24,1,2,8,9.98
182.7,7,490,5,16,5,6,4,13.84
190.9,7,600,5,12,5,6,7,13.54
49.6,2,260,18,16,4,5,11,4.5
182.6,6,1990,7,28,5,2,8,11.91
138.4,5,1090,2,23,1,2,7,10.7
37.6,2,1170,35,26,4,3,10,1.53
125.3,5,1740,8,18,4,3,3,9.12
39.9,2,1480,26,18,5,1,7,2.19
157.4,6,900,23,4,3,2,1,10.83
166.7,6,490,11,11,0,1,3,11.29
159.1,5,740,6,2,3,3,4,10.96
62.2,3,1940,22,7,4,5,3,3.93
199,7,730,17,11,1,1,12,13.36
44.8,1,160,10,29,4,4,3,5.74
137.1,5,660,11,5,1,1,1,9.98
41.3,2,220,20,26,4,1,3,5.04
76.8,3,400,35,17,2,6,10,5.67
127.6,5,210,17,6,2,4,10,9.67
121.6,4,1670,4,2,1,6,7,9.35
193.5,7,820,21,14,4,6,4,13.04
54.4,2,1570,1,9,1,1,3,3.94
173.5,7,990,34,18,1,4,7,11.49
90.6,3,220,4,23,4,5,6,9.69
100,4,190,28,15,4,4,5,7.47
72.5,3,1440,21,19,1,3,10,4.31
165.2,6,1840,3,3,0,1,8,10.6
109.2,5,1910,18,28,5,6,4,7.61
97.8,4,1530,2,3,5,1,9,5.95
60.4,3,1320,18,19,1,3,8,3.78
35.1,2,290,34,4,0,1,1,2.43
35.4,2,780,29,20,1,4,12,1.96
157.3,6,1610,28,26,0,4,5,8.86
189.2,7,1700,31,14,3,5,4,10.98
156.7,6,1720,2,3,5,2,3,10.93
187.7,7,500,33,2,4,1,8,12.57
60.2,3,1120,32,20,2,6,12,3.76
149.4,6,640,16,24,5,4,10,11.69
38.3,2,1360,24,1,2,1,2,2.7
72,3,1660,28,12,0,6,4,2.96
77.9,4,250,27,29,5,4,6,5.83
133.7,5,1390,1,20,4,4,2,8.98
92.2,4,1530,33,22,0,4,1,5.18
97,3,320,2,8,5,2,6,8.17
187.7,7,430,9,18,2,4,11,14.08
124.3,5,160,32,30,4,3,5,9.71
114.9,4,1050,8,25,2,1,11,8.65
103.7,4,850,14,19,0,2,12,7.91
107.7,4,1010,19,29,1,1,9,8.16
135.1,5,800,25,15,0,2,4,8.62
198.9,7,640,9,25,3,1,8,14.62
97.6,4,1670,10,4,2,5,2,8.01
140.8,6,1970,14,24,4,5,4,8.66
169.2,7,710,34,17,5,6,7,11.96
148.3,5,110,14,9,5,2,6,11.48
142.4,5,970,9,30,3,6,1,10.25
62.2,2,350,15,29,0,1,10,5
36.9,2,470,18,13,3,2,4,4.9
159.2,6,1230,21,4,4,4,7,10.21
83,3,300,8,6,1,6,4,6.51
107.4,4,160,5,28,4,6,4,9.28
138.9,5,1930,9,30,0,4,8,9.33
96.8,4,1450,9,10,0,4,8,7.14
80.4,3,350,1,4,3,2,2,6.23
55.9,2,840,19,19,4,2,8,3.57
52.1,2,340,26,26,0,3,6,4.16
86.1,4,1390,32,15,3,6,6,5.32
163.3,6,1230,19,8,1,3,3,11.07
58.5,2,1230,21,28,0,5,1,4.18
167,7,910,12,8,3,5,4,11.36
114.4,5,1670,25,18,0,2,4,7.02
127.9,5,520,34,26,5,3,9,7.6
38.5,2,1310,35,20,3,1,9,1.78
175.6,6,1570,1,24,5,6,5,12.6
102.1,4,1640,6,6,5,3,11,6.65
77.4,3,960,15,15,1,3,9,5.15
191.7,7,1790,6,24,2,2,8,13.55
62.8,3,140,26,23,0,2,8,5.25
84,3,1720,13,11,3,4,7,5.74
104.3,4,920,24,25,3,3,1,5.79
136.7,5,370,16,1,5,5,2,10.28
159.7,6,1450,20,20,5,5,8,9.94
111.5,5,900,30,3,5,6,11,6.25
61.3,3,970,33,5,3,6,3,3.03
54,2,220,17,19,4,2,12,5.47
61.2,3,670,32,17,1,1,8,4.59
183.4,7,670,23,8,5,1,9,12.74
94.1,3,310,12,8,5,3,3,7.57
68.1,3,1050,15,29,3,1,6,6.15
176.1,6,1420,10,18,2,5,6,12.07
147.1,6,830,33,14,3,2,10,8.92
176.8,7,1580,35,23,4,1,1,10.63
187.5,7,1160,9,3,2,1,1,13.2
182.2,7,1410,28,24,3,2,5,12.4
66.5,3,780,23,25,4,2,7,5.89
167.6,7,1570,32,26,3,3,9,10.75
115.8,5,1610,35,14,2,2,11,6.69
69.3,3,1250,33,21,2,6,1,4.04
83.5,3,1580,15,7,1,6,11,4.4
93.8,4,1600,25,19,5,3,4,4.9
89.4,3,190,5,2,3,2,1,6.98
178.2,6,480,4,15,1,6,1,12.68
95.9,4,1180,28,22,5,1,3,5.68
125,5,880,12,4,4,2,8,8.29
153.2,6,1640,28,7,1,6,6,10.15
89.2,4,1410,16,8,3,5,1,5.38
193.2,8,210,31,18,2,4,5,14.02
47.2,2,1700,9,22,1,2,11,2.98
162.6,7,960,17,21,0,1,8,12.03
92.8,4,1480,17,14,2,2,4,5.63
190.7,8,470,23,2,1,4,4,13.58
154.4,6,830,25,18,2,4,4,11.55
193.3,8,790,33,30,1,1,4,14.99
133.5,5,1280,3,9,0,3,4,9.41
136.4,5,1750,12,14,4,3,7,8.21
41.7,2,740,13,27,4,1,9,5.67
77.6,3,1100,10,8,2,5,4,4.94
121.6,5,1110,20,18,5,3,6,8.57
91,4,1340,5,2,3,6,5,6.8
57.9,2,1360,12,4,0,5,2,4.13
169.8,6,1680,5,13,4,4,6,10.8
110.4,5,1020,27,20,0,3,9,7.51
166,6,1880,24,5,5,5,3,8.82
146.2,5,280,10,30,1,3,7,11.77
108.7,4,250,19,1,5,5,5,7.67
177.4,7,850,6,21,4,4,3,13.9
121.1,4,960,1,30,0,1,3,9.84
169.9,6,770,10,5,5,5,6,11.53
43.7,2,1430,9,17,3,5,5,2.7
61.3,3,1390,30,21,1,3,4,3.37
39.7,2,550,7,30,5,2,10,5.64
